timestamp,raw_text,clean_text,text_role,is_scam,primary_class,tags,predicted_text_role,predicted_is_scam,predicted_primary_class,predicted_tags,source,confidence
2026-04-12 18:05:13,老千对受害者情况了如指掌中国报,老千对受害者情况了如指掌中国报,context_insufficient,0,,媒体报道;老千;受害者,scam_related_discussion,0,,诈骗讨论;媒体报道;老千;受害者,LLM,0.4184867584329837
2026-04-13 14:56:34,詐騙 剛剛看到發文82跟我的狀況雷同 6月份開始加入line 群的股票投資群財智學院 裡面有這些100位假成員做戲 還有小群陪你一起懷疑討論群組真假 一直到7月初啟動所謂的2026 etf藍籌計劃 資金不足下請大家幫忙跟著主力一起當沖 避免張綺真教授主力因資金不足被違約交割 每天吧1130幫忙當沖 1230賣出 因為很機密的內線南山00945etf上市 一直到我入金後到9月結束獲利 又自導自演有成員 提領到所有的資金卻不願意支付30違約金 帳戶是私人的無法預扣下但是公司可以鎖起來 請大家先繳完服務費才能提領 每天都有人拍現金照跟提領紀錄都好幾千萬 我就繳完後去提領對方說帳號錯誤 當下我以為我真的打錯帳號 趕緊更正他說要再支付一次30解禁費用 幫忙去金管會的銀行局解開 因為沒錢繳納 顧問好心幫我申請少支付一些解禁費 從30降20降10 因為沒錢繳解禁費所以到此為止沒繼續,詐騙 剛剛看到發文82跟我的狀況雷同 6月份開始加入line 群的股票投資群財智學院 裡面有這些100位假成員做戲 還有小群陪你一起懷疑討論群組真假 一直到7月初啟動所謂的2026 etf藍籌計劃 資金不足下請大家幫忙跟著主力一起當沖 避免張綺真教授主力因資金不足被違約交割 每天吧1130幫忙當沖 1230賣出 因為很機密的內線南山00945etf上市 一直到我入金後到9月結束獲利 又自導自演有成員 提領到所有的資金卻不願意支付30違約金 帳戶是私人的無法預扣下但是公司可以鎖起來 請大家先繳完服務費才能提領 每天都有人拍現金照跟提領紀錄都好幾千萬 我就繳完後去提領對方說帳號錯誤 當下我以為我真的打錯帳號 趕緊更正他說要再支付一次30解禁費用 幫忙去金管會的銀行局解開 因為沒錢繳納 顧問好心幫我申請少支付一些解禁費 從30降20降10 因為沒錢繳解禁費所以到此為止沒繼續,scam_related_discussion,0,investment,Line群;假平台;出金诈骗;托;股票诈骗,direct_scam,1,investment,Line群;假平台;出金诈骗;托;股票诈骗,SVM,0.6317530399115402
2026-04-13 15:00:04,親愛的詐騙團伙成員我很想罵你們這些人渣敗類要不是你們這些愛情騙子的劇本親愛的寶貝老婆什麼鬼話改變生活投資理財信任度搞到這麼多人家破人亡睡不好的也有貸款的也有不再相信愛情了恐慌了現在還離譜到放錢在車底下來交易你們是想害死多少人如果你是跑腿的人你也去害無辜的人我希望你天打雷劈死投資是信任理財是信任愛情不值錢你們愛你們自己而已希望你們殺豬的時候也被宰殺什麼高薪職位是你們自己貪婪害死家人擔心每次聽到熟悉的台詞就一肚子火想起死掉的朋友三條人命明明已經救下了怎麼會想不開必須公開這些人的戶口沒一個好東西,親愛的詐騙團伙成員我很想罵你們這些人渣敗類要不是你們這些愛情騙子的劇本親愛的寶貝老婆什麼鬼話改變生活投資理財信任度搞到這麼多人家破人亡睡不好的也有貸款的也有不再相信愛情了恐慌了現在還離譜到放錢在車底下來交易你們是想害死多少人如果你是跑腿的人你也去害無辜的人我希望你天打雷劈死投資是信任理財是信任愛情不值錢你們愛你們自己而已希望你們殺豬的時候也被宰殺什麼高薪職位是你們自己貪婪害死家人擔心每次聽到熟悉的台詞就一肚子火想起死掉的朋友三條人命明明已經救下了怎麼會想不開必須公開這些人的戶口沒一個好東西,non_scam,0,,爱情骗局;杀猪盘;投资理财;心理创伤;社会谴责,scam_related_discussion,0,relationship_trust,爱情骗局;杀猪盘;投资理财;心理创伤;社会谴责,LLM,0.5710846114194575
2026-04-13 15:07:56,臉書常出現親子體驗活動詐騙群組如小麥麥體驗營全家小小店長體驗營小小消防員體驗營以上都假的叫我留下姓名再讓我找專員申請一組屬於自己的編號結果進到群組說可以在筆記本裡面報名有興趣的課程結果進去完全不讓人發話都是一個叫柔霏的每天在發活動每天發佈什麼按讚 滿50人抽1000簽到領50累積1000可以跟她領,臉書常出現親子體驗活動詐騙群組如小麥麥體驗營全家小小店長體驗營小小消防員體驗營以上都假的叫我留下姓名再讓我找專員申請一組屬於自己的編號結果進到群組說可以在筆記本裡面報名有興趣的課程結果進去完全不讓人發話都是一個叫柔霏的每天在發活動每天發佈什麼按讚 滿50人抽1000簽到領50累積1000可以跟她領,direct_scam,1,prize_benefit,亲子活动;任务诈骗;假群组;点赞返利,direct_scam,1,prize_benefit,亲子活动;任务诈骗;假群组;柔霏;点赞返利,SVM,0.6389807408332723
2026-04-13 15:09:04,新聞 租用華視訓練中心當詐騙據點 調查局破etm 1媒體來源 udn聯合 2記者署名 1044 聯合報 記者張宏業台北即時報導 3完整新聞標題 租用華視訓練中心當詐騙據點 調查局破etmeta元宇宙虛擬幣吸金案 4完整新聞內文 調查局福建省調查處接獲情資指etmeta公司台灣區負責人吳承紘聽從大陸詐團指示以 虛擬資產投資為由利用老鼠會手法在台吸金詐騙 金額高達6億元 專案小組發現詐 團租用的辦公室經 藏身於華視訓練中心大樓內 暗中從事詐騙投資主謀之一的丁文宏見 東窗事發11月原本要搭機落跑東南亞但在機場被調查官攔截檢方向法院聲押獲准 台北地檢署日前違反銀行法等罪起訴主謀吳承紘丁文宏廖文理何芳菲洪亞姿5人 及成員共10人並對吳男求處10年徒刑調查指出此詐團共分兩組其中吳承紘與何芳 菲搭配操盤虛擬貨幣ustd金流廖文理搭配洪亞姿扮演講師誘騙台北台中宜 蘭及外島金門地區民眾投資因行銷手冊印有簡體版被民眾察覺有詐 調查局分析金流吳承紘及何芳菲自2023年5月起與大陸地區綽號熊總共組共組跨 境吸金集團創設etmeta app並製作 保證獲利 的投資宣傳單及簡報吳承紘再指示廖 文理前往台北市光復南路的華視訓練中心大樓租用辦公室藉此壯大組織聲勢 福建處追查廖文理及洪亞姿多次在台北晶宴會館等高檔飯店召開投資說明酒會 介紹多元化體育生太元宇宙聚合平台招攬民眾下載app投資etm虛擬幣謊稱保證 1日獲利1可隨時將etm換成usdt泰達幣取回本金 據調查etmeta元宇宙假投資平台專門吸引體育愛好者參與說明會投資人若成功招募 新成員又能額外獲得動態獎金形同老鼠會模式吸金吸金直到去年9至10月間投資 人無法操作etmeta app出金及取回本金吳承紘佯稱etmeta app正在進行改版 今年1月etmeta app無預警關閉完全無法運作不法吸金6億餘元估計數百人受害 5完整新聞連結 或短網址不可用yahoolinemsn等轉載媒體 httpsudncomnewsstory1244909163649 6備註 詐騙無孔不入 老招包裝一下還是很多人受害,新聞 租用華視訓練中心當詐騙據點 調查局破etm 1媒體來源 udn聯合 2記者署名 1044 聯合報 記者張宏業台北即時報導 3完整新聞標題 租用華視訓練中心當詐騙據點 調查局破etmeta元宇宙虛擬幣吸金案 4完整新聞內文 調查局福建省調查處接獲情資指etmeta公司台灣區負責人吳承紘聽從大陸詐團指示以 虛擬資產投資為由利用老鼠會手法在台吸金詐騙 金額高達6億元 專案小組發現詐 團租用的辦公室經 藏身於華視訓練中心大樓內 暗中從事詐騙投資主謀之一的丁文宏見 東窗事發11月原本要搭機落跑東南亞但在機場被調查官攔截檢方向法院聲押獲准 台北地檢署日前違反銀行法等罪起訴主謀吳承紘丁文宏廖文理何芳菲洪亞姿5人 及成員共10人並對吳男求處10年徒刑調查指出此詐團共分兩組其中吳承紘與何芳 菲搭配操盤虛擬貨幣ustd金流廖文理搭配洪亞姿扮演講師誘騙台北台中宜 蘭及外島金門地區民眾投資因行銷手冊印有簡體版被民眾察覺有詐 調查局分析金流吳承紘及何芳菲自2023年5月起與大陸地區綽號熊總共組共組跨 境吸金集團創設etmeta app並製作 保證獲利 的投資宣傳單及簡報吳承紘再指示廖 文理前往台北市光復南路的華視訓練中心大樓租用辦公室藉此壯大組織聲勢 福建處追查廖文理及洪亞姿多次在台北晶宴會館等高檔飯店召開投資說明酒會 介紹多元化體育生太元宇宙聚合平台招攬民眾下載app投資etm虛擬幣謊稱保證 1日獲利1可隨時將etm換成usdt泰達幣取回本金 據調查etmeta元宇宙假投資平台專門吸引體育愛好者參與說明會投資人若成功招募 新成員又能額外獲得動態獎金形同老鼠會模式吸金吸金直到去年9至10月間投資 人無法操作etmeta app出金及取回本金吳承紘佯稱etmeta app正在進行改版 今年1月etmeta app無預警關閉完全無法運作不法吸金6億餘元估計數百人受害 5完整新聞連結 或短網址不可用yahoolinemsn等轉載媒體 httpsudncomnewsstory1244909163649 6備註 詐騙無孔不入 老招包裝一下還是很多人受害,direct_scam,0,investment,保证获利;元宇宙;华视;老鼠会;虚拟币,direct_scam,1,investment,保证获利;元宇宙;华视;老鼠会;虚拟币,SVM,0.5831064751715741
2026-04-13 16:15:50,雙程證女子涉以假學歷入讀港大碩士課程 被控以欺騙手段取得服務等3罪 准保釋至4 17再訊 lihkg 持有雙程證28歲女子涉在入境許可謊稱曾就讀哥倫比亞大學並向港大訛稱擁有該大學文學學士學位獲批入讀港大文學碩士課程其後再管有虛假港大證書女子被控以欺騙手段取得服務等3罪案件今28日在沙田裁判法院再提堂辯方透露上星期已向控方發信提出商討案件控方需時考慮遂申請再押後不過署理主任裁判官鄭紀航指法庭已予辯方充足時間處理質疑辯方延誤辯方解釋被告向首位大律師索取法律意見後最後改聘資深大律師郭紹鼎鄭官質疑被告有意拖延一度下令帶咗佢被告入去先我打算還押佢咁樣耽擱我啲時間並表明有意增加保釋金辯方其後解釋案件時序強調被告非蓄意拖延並指控方已同意可提早答覆鄭官終表示若然係咁我就唔同你計較押後案件至4月17日再訊准被告以原有條件保釋被告李思萱28歲未有報稱職業持有往來港澳通行證被控為取得入境證而作出虛假陳述以欺騙手段取得服務及管有虛假文書3罪被告因更換律師 官批辯方沒留意法庭日程控方今表明準備好聽取答辯辯方則透露正與控方進行商討對方表示再需4星期考慮故申請再押後案件至5月2日署理主任裁判官鄭紀航問辯方何時發信辯方回應是3月20日鄭官遂質疑指上次聆訊已予辯方6星期時間準備我覺得係有delay延誤喎辯方解釋被告早前需與大律師開會最後聘用資深大律師郭紹鼎負責出信鄭官聞言不滿謂你知道個時間表嘛你噏啲大律師嗰名冇意思又追問辯方為何上周才出信你根本冇睇過法庭日程啦辯方續解釋被告索取第一位大律師的法律意見後轉換了律師鄭官表示咁即係再delay嚟啦辯方回應原只需申請押後兩星期但控方需時考慮鄭官聞言即直斥你猛攞時間揼迫人哋兩個星期覆你覺得公道咩官一度欲還柙被告 辯方再解釋案件時序指非蓄意拖延鄭官其後指示帶咗佢被告入去先我打算還柙佢咁樣耽擱我啲時間並表明打算增加保釋金及擔保人一度先行押後案件供辯方時間處理辯方其後再解釋案件時序強調被告非蓄意拖延並指控方同意可提早答覆鄭官終表示若然係咁我就唔同你計較押後案件至4月17日再訊批准被告以原有條件保釋向港大訛稱擁紐約哥大文學學士學位 另管有虛假港大證書為取得入境證而作出虛假陳述罪指被告於2022年6月30日或前後在香港為取得入境證在一張申請來港就讀入境許可上作出明知為虛假或自己亦不信為真的陳述即聲稱自己在2016年9月至2020年5月在哥倫比亞大學就讀以欺騙手段取得服務罪則指李於2021年12月13日至2024年7月19日在香港以欺騙手段即向香港大學職員訛稱自己擁有紐約市哥倫比亞大學的文學學士學位主修語言學而不誠實地取得由香港大學提供的應用語言學文學碩士課程的教育及教學服務至於管有虛假文書罪李被控於2024年7月20日或前後在香港明知或相信有關虛假文書即一張看來是由香港大學在同年6月12日發給她的證書屬於虛假而保管或控制該文書意圖由她或他人籍使用該文書而誘使另一人接受該文書為真文書並因接受該文書為真文書而作出或不作某些作為以致對該另一人或其他人不利法院沙田裁判法院法官署理主任裁判官鄭紀航被告李思萱控罪為取得入境證而作出虛假陳述以欺騙手段取得服務管有虛假文書案件編號stcc28052024,雙程證女子涉以假學歷入讀港大碩士課程 被控以欺騙手段取得服務等3罪 准保釋至4 17再訊 lihkg 持有雙程證28歲女子涉在入境許可謊稱曾就讀哥倫比亞大學並向港大訛稱擁有該大學文學學士學位獲批入讀港大文學碩士課程其後再管有虛假港大證書女子被控以欺騙手段取得服務等3罪案件今28日在沙田裁判法院再提堂辯方透露上星期已向控方發信提出商討案件控方需時考慮遂申請再押後不過署理主任裁判官鄭紀航指法庭已予辯方充足時間處理質疑辯方延誤辯方解釋被告向首位大律師索取法律意見後最後改聘資深大律師郭紹鼎鄭官質疑被告有意拖延一度下令帶咗佢被告入去先我打算還押佢咁樣耽擱我啲時間並表明有意增加保釋金辯方其後解釋案件時序強調被告非蓄意拖延並指控方已同意可提早答覆鄭官終表示若然係咁我就唔同你計較押後案件至4月17日再訊准被告以原有條件保釋被告李思萱28歲未有報稱職業持有往來港澳通行證被控為取得入境證而作出虛假陳述以欺騙手段取得服務及管有虛假文書3罪被告因更換律師 官批辯方沒留意法庭日程控方今表明準備好聽取答辯辯方則透露正與控方進行商討對方表示再需4星期考慮故申請再押後案件至5月2日署理主任裁判官鄭紀航問辯方何時發信辯方回應是3月20日鄭官遂質疑指上次聆訊已予辯方6星期時間準備我覺得係有delay延誤喎辯方解釋被告早前需與大律師開會最後聘用資深大律師郭紹鼎負責出信鄭官聞言不滿謂你知道個時間表嘛你噏啲大律師嗰名冇意思又追問辯方為何上周才出信你根本冇睇過法庭日程啦辯方續解釋被告索取第一位大律師的法律意見後轉換了律師鄭官表示咁即係再delay嚟啦辯方回應原只需申請押後兩星期但控方需時考慮鄭官聞言即直斥你猛攞時間揼迫人哋兩個星期覆你覺得公道咩官一度欲還柙被告 辯方再解釋案件時序指非蓄意拖延鄭官其後指示帶咗佢被告入去先我打算還柙佢咁樣耽擱我啲時間並表明打算增加保釋金及擔保人一度先行押後案件供辯方時間處理辯方其後再解釋案件時序強調被告非蓄意拖延並指控方同意可提早答覆鄭官終表示若然係咁我就唔同你計較押後案件至4月17日再訊批准被告以原有條件保釋向港大訛稱擁紐約哥大文學學士學位 另管有虛假港大證書為取得入境證而作出虛假陳述罪指被告於2022年6月30日或前後在香港為取得入境證在一張申請來港就讀入境許可上作出明知為虛假或自己亦不信為真的陳述即聲稱自己在2016年9月至2020年5月在哥倫比亞大學就讀以欺騙手段取得服務罪則指李於2021年12月13日至2024年7月19日在香港以欺騙手段即向香港大學職員訛稱自己擁有紐約市哥倫比亞大學的文學學士學位主修語言學而不誠實地取得由香港大學提供的應用語言學文學碩士課程的教育及教學服務至於管有虛假文書罪李被控於2024年7月20日或前後在香港明知或相信有關虛假文書即一張看來是由香港大學在同年6月12日發給她的證書屬於虛假而保管或控制該文書意圖由她或他人籍使用該文書而誘使另一人接受該文書為真文書並因接受該文書為真文書而作出或不作某些作為以致對該另一人或其他人不利法院沙田裁判法院法官署理主任裁判官鄭紀航被告李思萱控罪為取得入境證而作出虛假陳述以欺騙手段取得服務管有虛假文書案件編號stcc28052024,scam_related_discussion,1,credential_phishing,学历造假;入境欺诈;文书伪造;司法程序;港大入学,scam_related_discussion,0,credential_phishing,学历造假;入境欺诈;文书伪造;司法程序;港大入学,LLM,0.48022337116038855
2026-04-13 16:16:25,請問國際版tiktok mail有人在賣貨嗎真的出不了金嘛,請問國際版tiktok mail有人在賣貨嗎真的出不了金嘛,context_insufficient,0,transaction_refund,TikTok国际版;出金问题;卖货;用户疑问,scam_related_discussion,0,transaction_refund,TikTok国际版;出金问题;卖货;用户疑问,LLM,0.48992131615003137
2026-04-13 16:17:29,請各位注意此人冒用台南獅子會的名義亂加line引導別人落入詐騙陷阱我已向獅子會求證並無此人了,請各位注意此人冒用台南獅子會的名義亂加line引導別人落入詐騙陷阱我已向獅子會求證並無此人了,direct_scam,1,credential_phishing,Line;冒充狮子会;加好友;杀猪盘,direct_scam,1,relationship_trust,Line;冒充狮子会;加好友;杀猪盘,SVM,0.5910336015802949
2026-04-13 16:19:11,us fraudulent charge on cc followed by email bombing gov bulletins so i got a notification on my phone from discover for a 67 charge to amazon that i definitely didnt make as i rarely ever use that credit card and it has been 6 months since i last charged anything to it i immediately froze it and discover is already handling it but i just went to check my email and see a ton of emails about subscription change confirmations and welcome new user emails the identitytheft subreddit brought email bombing to my attention and suggested this is likely an attempt to hide the fraud amongst the flood of emails im now getting but someone recommended i see what you all can make of this it feels like this could just be a surface level attack with only my email address and credit card compromised but should i be concerned about more i have already initiated a fraud alert through all 3 credit bureaus and placed freezes on all 3 but should i be doing anything else i checked haveibeenpwned and the prosper breach in september did impact 176m unique email addresses as well as social security numbers but that wouldnt relate to the discover card that was the root of this so not sure if its relevant,us fraudulent charge on cc followed by email bombing gov bulletins so i got a notification on my phone from discover for a 67 charge to amazon that i definitely didnt make as i rarely ever use that credit card and it has been 6 months since i last charged anything to it i immediately froze it and discover is already handling it but i just went to check my email and see a ton of emails about subscription change confirmations and welcome new user emails the identitytheft subreddit brought email bombing to my attention and suggested this is likely an attempt to hide the fraud amongst the flood of emails im now getting but someone recommended i see what you all can make of this it feels like this could just be a surface level attack with only my email address and credit card compromised but should i be concerned about more i have already initiated a fraud alert through all 3 credit bureaus and placed freezes on all 3 but should i be doing anything else i checked haveibeenpwned and the prosper breach in september did impact 176m unique email addresses as well as social security numbers but that wouldnt relate to the discover card that was the root of this so not sure if its relevant,direct_scam,1,loan_account,email ; fraudulent charge ,scam_related_discussion,0,,,SVM,0.5583547557913352
2026-04-13 16:19:41,現在的盤哥不愛放泡茶圖了改放健身圖,現在的盤哥不愛放泡茶圖了改放健身圖,non_scam,0,,盤哥,non_scam,0,relationship_trust,,LLM,0.4531751045208639
2026-04-13 16:26:33,各位房東注意這位詐騙了 自稱是外國人 在香港的工程師 因為出差原因要到台灣出差的名義來接近 會想辦法去套取你的訊息 後面想要和你談戀愛 然後騙你錢 你還太淺了 詐騙集團 大家大力的檢舉他吧 陳影兒他不是本人這是詐騙集團的手段 可憐大家多注意這個賴帳號 陳影兒陳影兒陳影兒是詐騙集團的 他們錄的語言都是詐騙集團的話務員配合演出的 請注意了檢舉他,各位房東注意這位詐騙了 自稱是外國人 在香港的工程師 因為出差原因要到台灣出差的名義來接近 會想辦法去套取你的訊息 後面想要和你談戀愛 然後騙你錢 你還太淺了 詐騙集團 大家大力的檢舉他吧 陳影兒他不是本人這是詐騙集團的手段 可憐大家多注意這個賴帳號 陳影兒陳影兒陳影兒是詐騙集團的 他們錄的語言都是詐騙集團的話務員配合演出的 請注意了檢舉他,scam_related_discussion,1,relationship_trust,冒充外国人;恋爱关系;话务员录音;社交平台;利诱;信任诱导,scam_related_discussion,0,relationship_trust,冒充外国人;恋爱关系;话务员录音;社交平台;利诱;信任诱导,LLM,0.49685073526660295
2026-04-13 16:29:19,問卦 金額恐超imb 聖石詐騙怎沒啥新聞 安安 最近爆出已經在台北信義路大馬路 擁有黃金店面的聖石金業條塊合約詐欺案 其詐騙金額將高達百億 這家條塊合約已經行之有年 基本上有聽過合約內容的大概9成正常人 都會覺得是詐騙卻橫著走了六七年 沒有任何相關單位去搜查 甚至能跟萊爾校長合照保全形象 如今遭到檢察官起訴 相關負責人五百萬交保帶電子腳鐐 百人自救群組罕見檢察官入內喊話 要受害者趕快進入求助程序 這起超大尾的詐騙案 怎麼最近都沒什麼電視媒體風聲 詐騙金額遠超imb詐欺案直逼百億 怎麼這麼風平浪靜 有卦,問卦 金額恐超imb 聖石詐騙怎沒啥新聞 安安 最近爆出已經在台北信義路大馬路 擁有黃金店面的聖石金業條塊合約詐欺案 其詐騙金額將高達百億 這家條塊合約已經行之有年 基本上有聽過合約內容的大概9成正常人 都會覺得是詐騙卻橫著走了六七年 沒有任何相關單位去搜查 甚至能跟萊爾校長合照保全形象 如今遭到檢察官起訴 相關負責人五百萬交保帶電子腳鐐 百人自救群組罕見檢察官入內喊話 要受害者趕快進入求助程序 這起超大尾的詐騙案 怎麼最近都沒什麼電視媒體風聲 詐騙金額遠超imb詐欺案直逼百億 怎麼這麼風平浪靜 有卦,scam_related_discussion,1,investment,投資詐騙;條塊合約;百億金額;檢察官起訴;自救群組;媒體低曝光,scam_related_discussion,0,,投資詐騙;條塊合約;百億金額;檢察官起訴;自救群組;媒體低曝光,LLM,0.4862349600048466
2026-04-13 18:54:01,這人名為簡秀安是大陸廣東人索要高額禮品匯款後就封鎖非常惡劣的詐騙,這人名為簡秀安是大陸廣東人索要高額禮品匯款後就封鎖非常惡劣的詐騙,direct_scam,1,relationship_trust,交友诈骗;拉黑;汇款;索要礼品,direct_scam,1,relationship_trust,交友诈骗;拉黑;汇款;索要礼品,SVM,0.5579901027729411
2026-04-13 20:22:59,k線的盡頭是心碎 紅k是我以為的曖昧 綠k是他偶爾的關心 他說群組老師超準我跟著入金 他說趁拉回再加碼我信了 他說技術線型多頭不怕我更信了 直到那天他已讀不回退群 螢幕上的帳戶成負數 我才明白這不是投資而是陷阱 在愛裡失守不是市場震盪是感情詐騙 陌生人主動加你聊投資詐騙前奏 投資平台要查證勿下載陌生app 任何要你先匯款的指示都是詐 再甜的話術也救不了你的本金 最新詐騙案例在打詐儀錶板 https165dashboardtw 假交友投資詐騙 k線的盡頭是心碎 別讓愛成了止損點 165反詐騙,k線的盡頭是心碎 紅k是我以為的曖昧 綠k是他偶爾的關心 他說群組老師超準我跟著入金 他說趁拉回再加碼我信了 他說技術線型多頭不怕我更信了 直到那天他已讀不回退群 螢幕上的帳戶成負數 我才明白這不是投資而是陷阱 在愛裡失守不是市場震盪是感情詐騙 陌生人主動加你聊投資詐騙前奏 投資平台要查證勿下載陌生app 任何要你先匯款的指示都是詐 再甜的話術也救不了你的本金 最新詐騙案例在打詐儀錶板 https165dashboardtw 假交友投資詐騙 k線的盡頭是心碎 別讓愛成了止損點 165反詐騙,direct_scam,1,investment,假交友;投資詐騙;K線話術;情感誘導;冒充老師;下載App;匯款要求;反詐宣導,scam_related_discussion,0,investment,假交友;投資詐騙;K線話術;情感誘導;冒充老師;下載App;匯款要求;反詐宣導,LLM,0.5427324741310967
2026-04-13 20:24:16,這個人是詐騙 盜用別人的圖片來跟對方認識 騙取人家的帳戶 大家要小心這個人 賴沒有頭像 但是這張照片是他盜用別人的 非本人,這個人是詐騙 盜用別人的圖片來跟對方認識 騙取人家的帳戶 大家要小心這個人 賴沒有頭像 但是這張照片是他盜用別人的 非本人,scam_related_discussion,0,relationship_trust,交友诈骗;冒充身份;杀猪盘预警;盗用图片,direct_scam,1,relationship_trust,交友诈骗;冒充身份;杀猪盘预警;盗用图片,SVM,0.6131181237939124
2026-04-18 16:22:08,請轉發分享這位是盜用別人圖片假人設的詐騙仔到現在還在ig到處招搖撞騙希望不要有人再因此受騙死詐騙祝你下地獄永不超生,請轉發分享這位是盜用別人圖片假人設的詐騙仔到現在還在ig到處招搖撞騙希望不要有人再因此受騙死詐騙祝你下地獄永不超生,non_scam,0,relationship_trust,社交平台;图片盗用;人设造假;IG,scam_related_discussion,0,relationship_trust,社交平台;图片盗用;人设造假;IG,LLM,0.5475563310344899
